<?xml version="1.0" encoding="UTF-8"?>
<configurationDescriptor version="100">
  <logicalFolder name="root" displayName="root" projectFiles="true" kind="ROOT">
    <logicalFolder name="HeaderFiles"
                   displayName="Header Files"
                   projectFiles="true">
      <logicalFolder name="doctest" displayName="doctest" projectFiles="true">
        <itemPath>doctest/doctest.h</itemPath>
      </logicalFolder>
      <logicalFolder name="include" displayName="include" projectFiles="true">
        <logicalFolder name="exercises" displayName="exercises" projectFiles="true">
          <itemPath>dsacpp/include/exercises/exBST.h</itemPath>
          <itemPath>dsacpp/include/exercises/exList.h</itemPath>
          <itemPath>dsacpp/include/exercises/exStackNQueue.h</itemPath>
          <itemPath>dsacpp/include/exercises/runEx.h</itemPath>
        </logicalFolder>
        <logicalFolder name="geom" displayName="geom" projectFiles="true">
          <itemPath>dsacpp/include/geom/Point3D.h</itemPath>
          <itemPath>dsacpp/include/geom/Vector3D.h</itemPath>
        </logicalFolder>
        <logicalFolder name="graph" displayName="graph" projectFiles="true">
          <itemPath>dsacpp/include/graph/AbstractGraph.h</itemPath>
          <itemPath>dsacpp/include/graph/DGraphAlgorithm.h</itemPath>
          <itemPath>dsacpp/include/graph/DGraphDemo.h</itemPath>
          <itemPath>dsacpp/include/graph/DGraphModel.h</itemPath>
          <itemPath>dsacpp/include/graph/DModelZoo.h</itemPath>
          <itemPath>dsacpp/include/graph/IGraph.h</itemPath>
          <itemPath>dsacpp/include/graph/TopoSorter.h</itemPath>
          <itemPath>dsacpp/include/graph/UGraphAlgorithm.h</itemPath>
          <itemPath>dsacpp/include/graph/UGraphDemo.h</itemPath>
          <itemPath>dsacpp/include/graph/UGraphModel.h</itemPath>
        </logicalFolder>
        <logicalFolder name="hash" displayName="hash" projectFiles="true">
          <itemPath>dsacpp/include/hash/IMap.h</itemPath>
          <itemPath>dsacpp/include/hash/XHashMap.h</itemPath>
          <itemPath>dsacpp/include/hash/XHashMapDemo.h</itemPath>
          <itemPath>dsacpp/include/hash/country</itemPath>
        </logicalFolder>
        <logicalFolder name="heap" displayName="heap" projectFiles="true">
          <itemPath>dsacpp/include/heap/Heap.h</itemPath>
          <itemPath>dsacpp/include/heap/HeapDemo.h</itemPath>
          <itemPath>dsacpp/include/heap/IHeap.h</itemPath>
        </logicalFolder>
        <logicalFolder name="list" displayName="list" projectFiles="true">
          <itemPath>dsacpp/include/list/DLinkedList.h</itemPath>
          <itemPath>dsacpp/include/list/DLinkedListDemo.h</itemPath>
          <itemPath>dsacpp/include/list/IList.h</itemPath>
          <itemPath>dsacpp/include/list/SLinkedList.h</itemPath>
          <itemPath>dsacpp/include/list/SLinkedListDemo.h</itemPath>
          <itemPath>dsacpp/include/list/XArrayList.h</itemPath>
          <itemPath>dsacpp/include/list/XArrayListDemo.h</itemPath>
        </logicalFolder>
        <logicalFolder name="midterm" displayName="midterm" projectFiles="true">
          <itemPath>dsacpp/include/midterm/common.h</itemPath>
          <itemPath>dsacpp/include/midterm/list_answers.h</itemPath>
          <itemPath>dsacpp/include/midterm/list_solutions.h</itemPath>
          <itemPath>dsacpp/include/midterm/solution.h</itemPath>
          <itemPath>dsacpp/include/midterm/student_code.h</itemPath>
        </logicalFolder>
        <logicalFolder name="sorting" displayName="sorting" projectFiles="true">
          <itemPath>dsacpp/include/sorting/BubbleSort.h</itemPath>
          <itemPath>dsacpp/include/sorting/BubbleSortDemo.h</itemPath>
          <itemPath>dsacpp/include/sorting/DLinkedListSE.h</itemPath>
          <itemPath>dsacpp/include/sorting/HeapSort.h</itemPath>
          <itemPath>dsacpp/include/sorting/HeapSortDemo.h</itemPath>
          <itemPath>dsacpp/include/sorting/ISort.h</itemPath>
          <itemPath>dsacpp/include/sorting/ListSortDemo.h</itemPath>
          <itemPath>dsacpp/include/sorting/QuickSort.h</itemPath>
          <itemPath>dsacpp/include/sorting/QuickSortDemo.h</itemPath>
          <itemPath>dsacpp/include/sorting/SLinkedListSE.h</itemPath>
          <itemPath>dsacpp/include/sorting/ShellSort.h</itemPath>
          <itemPath>dsacpp/include/sorting/ShellSortDemo.h</itemPath>
          <itemPath>dsacpp/include/sorting/StraightInsertionSort.h</itemPath>
          <itemPath>dsacpp/include/sorting/StraightInsertionSortDemo.h</itemPath>
          <itemPath>dsacpp/include/sorting/StraightSelectionSort.h</itemPath>
          <itemPath>dsacpp/include/sorting/StraightSelectionSortDemo.h</itemPath>
          <itemPath>dsacpp/include/sorting/XArrayListSE.h</itemPath>
        </logicalFolder>
        <logicalFolder name="stacknqueue" displayName="stacknqueue" projectFiles="true">
          <itemPath>dsacpp/include/stacknqueue/IDeck.h</itemPath>
          <itemPath>dsacpp/include/stacknqueue/PriorityQueue.h</itemPath>
          <itemPath>dsacpp/include/stacknqueue/Queue.h</itemPath>
          <itemPath>dsacpp/include/stacknqueue/QueueDemo.h</itemPath>
          <itemPath>dsacpp/include/stacknqueue/Stack.h</itemPath>
          <itemPath>dsacpp/include/stacknqueue/StackDemo.h</itemPath>
        </logicalFolder>
        <logicalFolder name="test" displayName="test" projectFiles="true">
          <itemPath>dsacpp/include/test/AVLTest.h</itemPath>
          <itemPath>dsacpp/include/test/BSTTest.h</itemPath>
          <itemPath>dsacpp/include/test/DGraphAlgorithmTest.h</itemPath>
          <itemPath>dsacpp/include/test/DLinkedListSETest.h</itemPath>
          <itemPath>dsacpp/include/test/DLinkedListTest.h</itemPath>
          <itemPath>dsacpp/include/test/GraphTest.h</itemPath>
          <itemPath>dsacpp/include/test/HeapTest.h</itemPath>
          <itemPath>dsacpp/include/test/PriorityQueueTest.h</itemPath>
          <itemPath>dsacpp/include/test/QueueTest.h</itemPath>
          <itemPath>dsacpp/include/test/SLinkedListSETest.h</itemPath>
          <itemPath>dsacpp/include/test/SLinkedListTest.h</itemPath>
          <itemPath>dsacpp/include/test/SortTest.h</itemPath>
          <itemPath>dsacpp/include/test/StackTest.h</itemPath>
          <itemPath>dsacpp/include/test/TopoSorterTest.h</itemPath>
          <itemPath>dsacpp/include/test/UGraphAlgorithmTest.h</itemPath>
          <itemPath>dsacpp/include/test/XArrayListSETest.h</itemPath>
          <itemPath>dsacpp/include/test/XArrayListTest.h</itemPath>
          <itemPath>dsacpp/include/test/XHashMapTest.h</itemPath>
        </logicalFolder>
        <logicalFolder name="testassignments"
                       displayName="testassignments"
                       projectFiles="true">
          <itemPath>dsacpp/include/testassignments/AVLGenTest.h</itemPath>
          <itemPath>dsacpp/include/testassignments/AVLTestASSIGN.h</itemPath>
          <itemPath>dsacpp/include/testassignments/DLinkedListTestASSIGN.h</itemPath>
          <itemPath>dsacpp/include/testassignments/GraphTestASSIGN.h</itemPath>
          <itemPath>dsacpp/include/testassignments/HeapGenTest.h</itemPath>
          <itemPath>dsacpp/include/testassignments/HeapTestASSIGN.h</itemPath>
          <itemPath>dsacpp/include/testassignments/QueueTestASSIGN.h</itemPath>
          <itemPath>dsacpp/include/testassignments/SLinkedListTestASSIGN.h</itemPath>
          <itemPath>dsacpp/include/testassignments/SortTestASSIGN.h</itemPath>
          <itemPath>dsacpp/include/testassignments/StackTestASSIGN.h</itemPath>
          <itemPath>dsacpp/include/testassignments/XArrayListTestASSIGN.h</itemPath>
          <itemPath>dsacpp/include/testassignments/XHashMapTestASSIGN.h</itemPath>
          <itemPath>dsacpp/include/testassignments/commons.h</itemPath>
        </logicalFolder>
        <logicalFolder name="tree" displayName="tree" projectFiles="true">
          <itemPath>dsacpp/include/tree/AVL - balance-factor.h</itemPath>
          <itemPath>dsacpp/include/tree/AVL.h</itemPath>
          <itemPath>dsacpp/include/tree/AVLDemo.h</itemPath>
          <itemPath>dsacpp/include/tree/AVLTree.h</itemPath>
          <itemPath>dsacpp/include/tree/BST.h</itemPath>
          <itemPath>dsacpp/include/tree/BSTDemo.h</itemPath>
          <itemPath>dsacpp/include/tree/IBST.h</itemPath>
          <itemPath>dsacpp/include/tree/ITreeWalker.h</itemPath>
        </logicalFolder>
        <logicalFolder name="util" displayName="util" projectFiles="true">
          <itemPath>dsacpp/include/util/ArrayLib.h</itemPath>
          <itemPath>dsacpp/include/util/FileIOLib.h</itemPath>
          <itemPath>dsacpp/include/util/FuncLib.h</itemPath>
          <itemPath>dsacpp/include/util/MurmurHash2.h</itemPath>
          <itemPath>dsacpp/include/util/MurmurHash2_64.h</itemPath>
          <itemPath>dsacpp/include/util/Point.h</itemPath>
          <itemPath>dsacpp/include/util/sampleFunc.h</itemPath>
        </logicalFolder>
      </logicalFolder>
    </logicalFolder>
    <logicalFolder name="ResourceFiles"
                   displayName="Resource Files"
                   projectFiles="true">
    </logicalFolder>
    <logicalFolder name="SourceFiles"
                   displayName="Source Files"
                   projectFiles="true">
      <logicalFolder name="examples" displayName="examples" projectFiles="true">
        <logicalFolder name="bin" displayName="bin" projectFiles="true">
        </logicalFolder>
        <logicalFolder name="src" displayName="src" projectFiles="true">
          <logicalFolder name="intro" displayName="intro" projectFiles="true">
          </logicalFolder>
        </logicalFolder>
      </logicalFolder>
      <logicalFolder name="src" displayName="src" projectFiles="true">
        <logicalFolder name="f3" displayName="assigments" projectFiles="true">
        </logicalFolder>
        <logicalFolder name="midterm" displayName="exams" projectFiles="true">
          <logicalFolder name="midterm" displayName="midterm" projectFiles="true">
            <logicalFolder name="1552411-Tuan"
                           displayName="1552411-Tuan"
                           projectFiles="true">
            </logicalFolder>
            <logicalFolder name="1552423-Van" displayName="1552423-Van" projectFiles="true">
            </logicalFolder>
            <logicalFolder name="1652142-Dat" displayName="1652142-Dat" projectFiles="true">
            </logicalFolder>
            <logicalFolder name="1652747-ManhHuy"
                           displayName="1652747-ManhHuy"
                           projectFiles="true">
            </logicalFolder>
            <logicalFolder name="1751110-LeTu"
                           displayName="1751110-LeTu"
                           projectFiles="true">
            </logicalFolder>
            <logicalFolder name="1850039-NguyenQuang"
                           displayName="1850039-NguyenQuang"
                           projectFiles="true">
            </logicalFolder>
            <logicalFolder name="1852309-Dao" displayName="1852309-Dao" projectFiles="true">
            </logicalFolder>
            <logicalFolder name="1852321-VoDang"
                           displayName="1852321-VoDang"
                           projectFiles="true">
            </logicalFolder>
            <logicalFolder name="1852330-Duc" displayName="1852330-Duc" projectFiles="true">
            </logicalFolder>
            <logicalFolder name="1852459-Khanh"
                           displayName="1852459-Khanh"
                           projectFiles="true">
            </logicalFolder>
            <logicalFolder name="1852517-Long"
                           displayName="1852517-Long"
                           projectFiles="true">
            </logicalFolder>
            <logicalFolder name="1852611-Nghia"
                           displayName="1852611-Nghia"
                           projectFiles="true">
            </logicalFolder>
            <logicalFolder name="1852704-Quy" displayName="1852704-Quy" projectFiles="true">
            </logicalFolder>
            <logicalFolder name="1852761-Thinh"
                           displayName="1852761-Thinh"
                           projectFiles="true">
            </logicalFolder>
            <logicalFolder name="1852768-Tho" displayName="1852768-Tho" projectFiles="true">
            </logicalFolder>
            <logicalFolder name="1852845-DuongTu"
                           displayName="1852845-DuongTu"
                           projectFiles="true">
            </logicalFolder>
            <logicalFolder name="1852852-Tung"
                           displayName="1852852-Tung"
                           projectFiles="true">
            </logicalFolder>
            <logicalFolder name="1950004-Chuong"
                           displayName="1950004-Chuong"
                           projectFiles="true">
            </logicalFolder>
            <logicalFolder name="1950018-GiaHuy"
                           displayName="1950018-GiaHuy"
                           projectFiles="true">
            </logicalFolder>
            <logicalFolder name="1950032-Phat"
                           displayName="1950032-Phat"
                           projectFiles="true">
            </logicalFolder>
            <logicalFolder name="1952041-LeDang"
                           displayName="1952041-LeDang"
                           projectFiles="true">
            </logicalFolder>
            <logicalFolder name="1952044-Giang"
                           displayName="1952044-Giang"
                           projectFiles="true">
            </logicalFolder>
            <logicalFolder name="1952112-HuynhQuang"
                           displayName="1952112-HuynhQuang"
                           projectFiles="true">
            </logicalFolder>
            <logicalFolder name="1952310-Khuong"
                           displayName="1952310-Khuong"
                           projectFiles="true">
            </logicalFolder>
            <logicalFolder name="1952319-Linh"
                           displayName="1952319-Linh"
                           projectFiles="true">
            </logicalFolder>
            <logicalFolder name="1952328-Loc" displayName="1952328-Loc" projectFiles="true">
            </logicalFolder>
            <logicalFolder name="1952456-Thanh"
                           displayName="1952456-Thanh"
                           projectFiles="true">
            </logicalFolder>
            <logicalFolder name="1952463-PhuocThien"
                           displayName="1952463-PhuocThien"
                           projectFiles="true">
            </logicalFolder>
            <logicalFolder name="1952598-Cuong"
                           displayName="1952598-Cuong"
                           projectFiles="true">
            </logicalFolder>
            <logicalFolder name="1952620-Duyen"
                           displayName="1952620-Duyen"
                           projectFiles="true">
            </logicalFolder>
            <logicalFolder name="1952703-Hoang"
                           displayName="1952703-Hoang"
                           projectFiles="true">
            </logicalFolder>
            <logicalFolder name="1952747-Hung"
                           displayName="1952747-Hung"
                           projectFiles="true">
            </logicalFolder>
            <logicalFolder name="1952893-Nhan"
                           displayName="1952893-Nhan"
                           projectFiles="true">
            </logicalFolder>
            <logicalFolder name="1952916-Phong"
                           displayName="1952916-Phong"
                           projectFiles="true">
            </logicalFolder>
            <logicalFolder name="1952925-Phuc"
                           displayName="1952925-Phuc"
                           projectFiles="true">
            </logicalFolder>
            <logicalFolder name="1952940-DangQuang"
                           displayName="1952940-DangQuang"
                           projectFiles="true">
            </logicalFolder>
            <logicalFolder name="1952998-DucThien"
                           displayName="1952998-DucThien"
                           projectFiles="true">
            </logicalFolder>
            <logicalFolder name="1953018-Tien"
                           displayName="1953018-Tien"
                           projectFiles="true">
            </logicalFolder>
            <logicalFolder name="1953107-Vu" displayName="1953107-Vu" projectFiles="true">
            </logicalFolder>
            <itemPath>dsacpp/src/midterm/list_api_use.h</itemPath>
            <itemPath>dsacpp/src/midterm/list_api_use_demo.h</itemPath>
            <itemPath>dsacpp/src/midterm/schain.h</itemPath>
            <itemPath>dsacpp/src/midterm/schain_demo.h</itemPath>
            <itemPath>dsacpp/src/midterm/setup.sh</itemPath>
            <itemPath>dsacpp/src/midterm/students.txt</itemPath>
          </logicalFolder>
        </logicalFolder>
        <logicalFolder name="f1" displayName="excercises" projectFiles="true">
        </logicalFolder>
        <logicalFolder name="geom" displayName="geom" projectFiles="true">
          <itemPath>dsacpp/src/geom/Point3D.cpp</itemPath>
          <itemPath>dsacpp/src/geom/Vector3D.cpp</itemPath>
        </logicalFolder>
        <logicalFolder name="intro" displayName="intro" projectFiles="true">
        </logicalFolder>
        <logicalFolder name="f2" displayName="lectures" projectFiles="true">
        </logicalFolder>
        <logicalFolder name="quiz" displayName="quiz" projectFiles="true">
        </logicalFolder>
      </logicalFolder>
      <itemPath>dsacpp/include/FE-SUMMER-2022.cpp</itemPath>
    </logicalFolder>
    <logicalFolder name="TestFiles"
                   displayName="Test Files"
                   projectFiles="false"
                   kind="TEST_LOGICAL_FOLDER">
    </logicalFolder>
    <logicalFolder name="ExternalFiles"
                   displayName="Important Files"
                   projectFiles="false"
                   kind="IMPORTANT_FILES_FOLDER">
      <itemPath>Makefile</itemPath>
    </logicalFolder>
  </logicalFolder>
  <sourceRootList>
    <Elem>dsacpp/include</Elem>
    <Elem>doctest</Elem>
    <Elem>dsacpp/src</Elem>
    <Elem>examples</Elem>
  </sourceRootList>
  <projectmakefile>Makefile</projectmakefile>
  <confs>
    <conf name="Debug" type="1">
      <toolsSet>
        <compilerSet>default</compilerSet>
        <dependencyChecking>true</dependencyChecking>
        <rebuildPropChanged>false</rebuildPropChanged>
      </toolsSet>
      <compileType>
        <ccTool>
          <standard>8</standard>
          <incDir>
            <pElem>dsacpp/include</pElem>
            <pElem>doctest</pElem>
            <pElem>opencv-4.5.2/include</pElem>
          </incDir>
          <warningLevel>0</warningLevel>
        </ccTool>
      </compileType>
      <item path="doctest/doctest.h" ex="false" tool="3" flavor2="0">
      </item>
      <item path="dsacpp/include/FE-SUMMER-2022.cpp" ex="false" tool="1" flavor2="0">
      </item>
      <item path="dsacpp/include/exercises/exBST.h" ex="false" tool="3" flavor2="0">
      </item>
      <item path="dsacpp/include/exercises/exList.h" ex="false" tool="3" flavor2="0">
      </item>
      <item path="dsacpp/include/exercises/exStackNQueue.h"
            ex="false"
            tool="3"
            flavor2="0">
      </item>
      <item path="dsacpp/include/exercises/runEx.h" ex="false" tool="3" flavor2="0">
      </item>
      <item path="dsacpp/include/geom/Point3D.h" ex="false" tool="3" flavor2="0">
      </item>
      <item path="dsacpp/include/geom/Vector3D.h" ex="false" tool="3" flavor2="0">
      </item>
      <item path="dsacpp/include/graph/AbstractGraph.h"
            ex="false"
            tool="3"
            flavor2="0">
      </item>
      <item path="dsacpp/include/graph/DGraphAlgorithm.h"
            ex="false"
            tool="3"
            flavor2="0">
      </item>
      <item path="dsacpp/include/graph/DGraphDemo.h" ex="false" tool="3" flavor2="0">
      </item>
      <item path="dsacpp/include/graph/DGraphModel.h" ex="false" tool="3" flavor2="0">
      </item>
      <item path="dsacpp/include/graph/DModelZoo.h" ex="false" tool="3" flavor2="0">
      </item>
      <item path="dsacpp/include/graph/IGraph.h" ex="false" tool="3" flavor2="0">
      </item>
      <item path="dsacpp/include/graph/TopoSorter.h" ex="false" tool="3" flavor2="0">
      </item>
      <item path="dsacpp/include/graph/UGraphAlgorithm.h"
            ex="false"
            tool="3"
            flavor2="0">
      </item>
      <item path="dsacpp/include/graph/UGraphDemo.h" ex="false" tool="3" flavor2="0">
      </item>
      <item path="dsacpp/include/graph/UGraphModel.h" ex="false" tool="3" flavor2="0">
      </item>
      <item path="dsacpp/include/hash/IMap.h" ex="false" tool="3" flavor2="0">
      </item>
      <item path="dsacpp/include/hash/XHashMap.h" ex="false" tool="3" flavor2="0">
      </item>
      <item path="dsacpp/include/hash/XHashMapDemo.h" ex="false" tool="3" flavor2="0">
      </item>
      <item path="dsacpp/include/hash/country" ex="false" tool="3" flavor2="0">
      </item>
      <item path="dsacpp/include/heap/Heap.h" ex="false" tool="3" flavor2="0">
      </item>
      <item path="dsacpp/include/heap/HeapDemo.h" ex="false" tool="3" flavor2="0">
      </item>
      <item path="dsacpp/include/heap/IHeap.h" ex="false" tool="3" flavor2="0">
      </item>
      <item path="dsacpp/include/list/DLinkedList.h" ex="false" tool="3" flavor2="0">
      </item>
      <item path="dsacpp/include/list/DLinkedListDemo.h"
            ex="false"
            tool="3"
            flavor2="0">
      </item>
      <item path="dsacpp/include/list/IList.h" ex="false" tool="3" flavor2="0">
      </item>
      <item path="dsacpp/include/list/SLinkedList.h" ex="false" tool="3" flavor2="0">
      </item>
      <item path="dsacpp/include/list/SLinkedListDemo.h"
            ex="false"
            tool="3"
            flavor2="0">
      </item>
      <item path="dsacpp/include/list/XArrayList.h" ex="false" tool="3" flavor2="0">
      </item>
      <item path="dsacpp/include/list/XArrayListDemo.h"
            ex="false"
            tool="3"
            flavor2="0">
      </item>
      <item path="dsacpp/include/midterm/common.h" ex="false" tool="3" flavor2="0">
      </item>
      <item path="dsacpp/include/midterm/list_answers.h"
            ex="false"
            tool="3"
            flavor2="0">
      </item>
      <item path="dsacpp/include/midterm/list_solutions.h"
            ex="false"
            tool="3"
            flavor2="0">
      </item>
      <item path="dsacpp/include/midterm/solution.h" ex="false" tool="3" flavor2="0">
      </item>
      <item path="dsacpp/include/midterm/student_code.h"
            ex="false"
            tool="3"
            flavor2="0">
      </item>
      <item path="dsacpp/include/sorting/BubbleSort.h"
            ex="false"
            tool="3"
            flavor2="0">
      </item>
      <item path="dsacpp/include/sorting/BubbleSortDemo.h"
            ex="false"
            tool="3"
            flavor2="0">
      </item>
      <item path="dsacpp/include/sorting/DLinkedListSE.h"
            ex="false"
            tool="3"
            flavor2="0">
      </item>
      <item path="dsacpp/include/sorting/HeapSort.h" ex="false" tool="3" flavor2="0">
      </item>
      <item path="dsacpp/include/sorting/HeapSortDemo.h"
            ex="false"
            tool="3"
            flavor2="0">
      </item>
      <item path="dsacpp/include/sorting/ISort.h" ex="false" tool="3" flavor2="0">
      </item>
      <item path="dsacpp/include/sorting/ListSortDemo.h"
            ex="false"
            tool="3"
            flavor2="0">
      </item>
      <item path="dsacpp/include/sorting/QuickSort.h" ex="false" tool="3" flavor2="0">
      </item>
      <item path="dsacpp/include/sorting/QuickSortDemo.h"
            ex="false"
            tool="3"
            flavor2="0">
      </item>
      <item path="dsacpp/include/sorting/SLinkedListSE.h"
            ex="false"
            tool="3"
            flavor2="0">
      </item>
      <item path="dsacpp/include/sorting/ShellSort.h" ex="false" tool="3" flavor2="0">
      </item>
      <item path="dsacpp/include/sorting/ShellSortDemo.h"
            ex="false"
            tool="3"
            flavor2="0">
      </item>
      <item path="dsacpp/include/sorting/StraightInsertionSort.h"
            ex="false"
            tool="3"
            flavor2="0">
      </item>
      <item path="dsacpp/include/sorting/StraightInsertionSortDemo.h"
            ex="false"
            tool="3"
            flavor2="0">
      </item>
      <item path="dsacpp/include/sorting/StraightSelectionSort.h"
            ex="false"
            tool="3"
            flavor2="0">
      </item>
      <item path="dsacpp/include/sorting/StraightSelectionSortDemo.h"
            ex="false"
            tool="3"
            flavor2="0">
      </item>
      <item path="dsacpp/include/sorting/XArrayListSE.h"
            ex="false"
            tool="3"
            flavor2="0">
      </item>
      <item path="dsacpp/include/stacknqueue/IDeck.h" ex="false" tool="3" flavor2="0">
      </item>
      <item path="dsacpp/include/stacknqueue/PriorityQueue.h"
            ex="false"
            tool="3"
            flavor2="0">
      </item>
      <item path="dsacpp/include/stacknqueue/Queue.h" ex="false" tool="3" flavor2="0">
      </item>
      <item path="dsacpp/include/stacknqueue/QueueDemo.h"
            ex="false"
            tool="3"
            flavor2="0">
      </item>
      <item path="dsacpp/include/stacknqueue/Stack.h" ex="false" tool="3" flavor2="0">
      </item>
      <item path="dsacpp/include/stacknqueue/StackDemo.h"
            ex="false"
            tool="3"
            flavor2="0">
      </item>
      <item path="dsacpp/include/test/AVLTest.h" ex="false" tool="3" flavor2="0">
      </item>
      <item path="dsacpp/include/test/BSTTest.h" ex="false" tool="3" flavor2="0">
      </item>
      <item path="dsacpp/include/test/DGraphAlgorithmTest.h"
            ex="false"
            tool="3"
            flavor2="0">
      </item>
      <item path="dsacpp/include/test/DLinkedListSETest.h"
            ex="false"
            tool="3"
            flavor2="0">
      </item>
      <item path="dsacpp/include/test/DLinkedListTest.h"
            ex="false"
            tool="3"
            flavor2="0">
      </item>
      <item path="dsacpp/include/test/GraphTest.h" ex="false" tool="3" flavor2="0">
      </item>
      <item path="dsacpp/include/test/HeapTest.h" ex="false" tool="3" flavor2="0">
      </item>
      <item path="dsacpp/include/test/PriorityQueueTest.h"
            ex="false"
            tool="3"
            flavor2="0">
      </item>
      <item path="dsacpp/include/test/QueueTest.h" ex="false" tool="3" flavor2="0">
      </item>
      <item path="dsacpp/include/test/SLinkedListSETest.h"
            ex="false"
            tool="3"
            flavor2="0">
      </item>
      <item path="dsacpp/include/test/SLinkedListTest.h"
            ex="false"
            tool="3"
            flavor2="0">
      </item>
      <item path="dsacpp/include/test/SortTest.h" ex="false" tool="3" flavor2="0">
      </item>
      <item path="dsacpp/include/test/StackTest.h" ex="false" tool="3" flavor2="0">
      </item>
      <item path="dsacpp/include/test/TopoSorterTest.h"
            ex="false"
            tool="3"
            flavor2="0">
      </item>
      <item path="dsacpp/include/test/UGraphAlgorithmTest.h"
            ex="false"
            tool="3"
            flavor2="0">
      </item>
      <item path="dsacpp/include/test/XArrayListSETest.h"
            ex="false"
            tool="3"
            flavor2="0">
      </item>
      <item path="dsacpp/include/test/XArrayListTest.h"
            ex="false"
            tool="3"
            flavor2="0">
      </item>
      <item path="dsacpp/include/test/XHashMapTest.h" ex="false" tool="3" flavor2="0">
      </item>
      <item path="dsacpp/include/testassignments/AVLGenTest.h"
            ex="false"
            tool="3"
            flavor2="0">
      </item>
      <item path="dsacpp/include/testassignments/AVLTestASSIGN.h"
            ex="false"
            tool="3"
            flavor2="0">
      </item>
      <item path="dsacpp/include/testassignments/DLinkedListTestASSIGN.h"
            ex="false"
            tool="3"
            flavor2="0">
      </item>
      <item path="dsacpp/include/testassignments/GraphTestASSIGN.h"
            ex="false"
            tool="3"
            flavor2="0">
      </item>
      <item path="dsacpp/include/testassignments/HeapGenTest.h"
            ex="false"
            tool="3"
            flavor2="0">
      </item>
      <item path="dsacpp/include/testassignments/HeapTestASSIGN.h"
            ex="false"
            tool="3"
            flavor2="0">
      </item>
      <item path="dsacpp/include/testassignments/QueueTestASSIGN.h"
            ex="false"
            tool="3"
            flavor2="0">
      </item>
      <item path="dsacpp/include/testassignments/SLinkedListTestASSIGN.h"
            ex="false"
            tool="3"
            flavor2="0">
      </item>
      <item path="dsacpp/include/testassignments/SortTestASSIGN.h"
            ex="false"
            tool="3"
            flavor2="0">
      </item>
      <item path="dsacpp/include/testassignments/StackTestASSIGN.h"
            ex="false"
            tool="3"
            flavor2="0">
      </item>
      <item path="dsacpp/include/testassignments/XArrayListTestASSIGN.h"
            ex="false"
            tool="3"
            flavor2="0">
      </item>
      <item path="dsacpp/include/testassignments/XHashMapTestASSIGN.h"
            ex="false"
            tool="3"
            flavor2="0">
      </item>
      <item path="dsacpp/include/testassignments/commons.h"
            ex="false"
            tool="3"
            flavor2="0">
      </item>
      <item path="dsacpp/include/tree/AVL - balance-factor.h"
            ex="false"
            tool="3"
            flavor2="0">
      </item>
      <item path="dsacpp/include/tree/AVL.h" ex="false" tool="3" flavor2="0">
      </item>
      <item path="dsacpp/include/tree/AVLDemo.h" ex="false" tool="3" flavor2="0">
      </item>
      <item path="dsacpp/include/tree/AVLTree.h" ex="false" tool="3" flavor2="0">
      </item>
      <item path="dsacpp/include/tree/BST.h" ex="false" tool="3" flavor2="0">
      </item>
      <item path="dsacpp/include/tree/BSTDemo.h" ex="false" tool="3" flavor2="0">
      </item>
      <item path="dsacpp/include/tree/IBST.h" ex="false" tool="3" flavor2="0">
      </item>
      <item path="dsacpp/include/tree/ITreeWalker.h" ex="false" tool="3" flavor2="0">
      </item>
      <item path="dsacpp/include/util/ArrayLib.h" ex="false" tool="3" flavor2="0">
      </item>
      <item path="dsacpp/include/util/FileIOLib.h" ex="false" tool="3" flavor2="0">
      </item>
      <item path="dsacpp/include/util/FuncLib.h" ex="false" tool="3" flavor2="0">
      </item>
      <item path="dsacpp/include/util/MurmurHash2.h" ex="false" tool="3" flavor2="0">
      </item>
      <item path="dsacpp/include/util/MurmurHash2_64.h"
            ex="false"
            tool="3"
            flavor2="0">
      </item>
      <item path="dsacpp/include/util/Point.h" ex="false" tool="3" flavor2="0">
      </item>
      <item path="dsacpp/include/util/sampleFunc.h" ex="false" tool="3" flavor2="0">
      </item>
      <item path="dsacpp/src/geom/Point3D.cpp" ex="false" tool="1" flavor2="0">
      </item>
      <item path="dsacpp/src/geom/Vector3D.cpp" ex="false" tool="1" flavor2="0">
      </item>
      <item path="dsacpp/src/midterm/list_api_use.h" ex="false" tool="3" flavor2="0">
      </item>
      <item path="dsacpp/src/midterm/list_api_use_demo.h"
            ex="false"
            tool="3"
            flavor2="0">
      </item>
      <item path="dsacpp/src/midterm/schain.h" ex="false" tool="3" flavor2="0">
      </item>
      <item path="dsacpp/src/midterm/schain_demo.h" ex="false" tool="3" flavor2="0">
      </item>
      <item path="dsacpp/src/midterm/setup.sh" ex="false" tool="3" flavor2="0">
      </item>
      <item path="dsacpp/src/midterm/students.txt" ex="false" tool="3" flavor2="0">
      </item>
    </conf>
    <conf name="Release" type="1">
      <toolsSet>
        <compilerSet>default</compilerSet>
        <dependencyChecking>true</dependencyChecking>
        <rebuildPropChanged>false</rebuildPropChanged>
      </toolsSet>
      <compileType>
        <cTool>
          <developmentMode>5</developmentMode>
        </cTool>
        <ccTool>
          <developmentMode>5</developmentMode>
          <incDir>
            <pElem>dsacpp/include</pElem>
          </incDir>
        </ccTool>
        <fortranCompilerTool>
          <developmentMode>5</developmentMode>
        </fortranCompilerTool>
        <asmTool>
          <developmentMode>5</developmentMode>
        </asmTool>
      </compileType>
      <item path="doctest/doctest.h" ex="false" tool="3" flavor2="0">
      </item>
      <item path="dsacpp/include/FE-SUMMER-2022.cpp" ex="false" tool="1" flavor2="0">
      </item>
      <item path="dsacpp/include/exercises/exBST.h" ex="false" tool="3" flavor2="0">
      </item>
      <item path="dsacpp/include/exercises/exList.h" ex="false" tool="3" flavor2="0">
      </item>
      <item path="dsacpp/include/exercises/exStackNQueue.h"
            ex="false"
            tool="3"
            flavor2="0">
      </item>
      <item path="dsacpp/include/exercises/runEx.h" ex="false" tool="3" flavor2="0">
      </item>
      <item path="dsacpp/include/geom/Point3D.h" ex="false" tool="3" flavor2="0">
      </item>
      <item path="dsacpp/include/geom/Vector3D.h" ex="false" tool="3" flavor2="0">
      </item>
      <item path="dsacpp/include/graph/AbstractGraph.h"
            ex="false"
            tool="3"
            flavor2="0">
      </item>
      <item path="dsacpp/include/graph/DGraphAlgorithm.h"
            ex="false"
            tool="3"
            flavor2="0">
      </item>
      <item path="dsacpp/include/graph/DGraphDemo.h" ex="false" tool="3" flavor2="0">
      </item>
      <item path="dsacpp/include/graph/DGraphModel.h" ex="false" tool="3" flavor2="0">
      </item>
      <item path="dsacpp/include/graph/DModelZoo.h" ex="false" tool="3" flavor2="0">
      </item>
      <item path="dsacpp/include/graph/IGraph.h" ex="false" tool="3" flavor2="0">
      </item>
      <item path="dsacpp/include/graph/TopoSorter.h" ex="false" tool="3" flavor2="0">
      </item>
      <item path="dsacpp/include/graph/UGraphAlgorithm.h"
            ex="false"
            tool="3"
            flavor2="0">
      </item>
      <item path="dsacpp/include/graph/UGraphDemo.h" ex="false" tool="3" flavor2="0">
      </item>
      <item path="dsacpp/include/graph/UGraphModel.h" ex="false" tool="3" flavor2="0">
      </item>
      <item path="dsacpp/include/hash/IMap.h" ex="false" tool="3" flavor2="0">
      </item>
      <item path="dsacpp/include/hash/XHashMap.h" ex="false" tool="3" flavor2="0">
      </item>
      <item path="dsacpp/include/hash/XHashMapDemo.h" ex="false" tool="3" flavor2="0">
      </item>
      <item path="dsacpp/include/hash/country" ex="false" tool="3" flavor2="0">
      </item>
      <item path="dsacpp/include/heap/Heap.h" ex="false" tool="3" flavor2="0">
      </item>
      <item path="dsacpp/include/heap/HeapDemo.h" ex="false" tool="3" flavor2="0">
      </item>
      <item path="dsacpp/include/heap/IHeap.h" ex="false" tool="3" flavor2="0">
      </item>
      <item path="dsacpp/include/list/DLinkedList.h" ex="false" tool="3" flavor2="0">
      </item>
      <item path="dsacpp/include/list/DLinkedListDemo.h"
            ex="false"
            tool="3"
            flavor2="0">
      </item>
      <item path="dsacpp/include/list/IList.h" ex="false" tool="3" flavor2="0">
      </item>
      <item path="dsacpp/include/list/SLinkedList.h" ex="false" tool="3" flavor2="0">
      </item>
      <item path="dsacpp/include/list/SLinkedListDemo.h"
            ex="false"
            tool="3"
            flavor2="0">
      </item>
      <item path="dsacpp/include/list/XArrayList.h" ex="false" tool="3" flavor2="0">
      </item>
      <item path="dsacpp/include/list/XArrayListDemo.h"
            ex="false"
            tool="3"
            flavor2="0">
      </item>
      <item path="dsacpp/include/midterm/common.h" ex="false" tool="3" flavor2="0">
      </item>
      <item path="dsacpp/include/midterm/list_answers.h"
            ex="false"
            tool="3"
            flavor2="0">
      </item>
      <item path="dsacpp/include/midterm/list_solutions.h"
            ex="false"
            tool="3"
            flavor2="0">
      </item>
      <item path="dsacpp/include/midterm/solution.h" ex="false" tool="3" flavor2="0">
      </item>
      <item path="dsacpp/include/midterm/student_code.h"
            ex="false"
            tool="3"
            flavor2="0">
      </item>
      <item path="dsacpp/include/sorting/BubbleSort.h"
            ex="false"
            tool="3"
            flavor2="0">
      </item>
      <item path="dsacpp/include/sorting/BubbleSortDemo.h"
            ex="false"
            tool="3"
            flavor2="0">
      </item>
      <item path="dsacpp/include/sorting/DLinkedListSE.h"
            ex="false"
            tool="3"
            flavor2="0">
      </item>
      <item path="dsacpp/include/sorting/HeapSort.h" ex="false" tool="3" flavor2="0">
      </item>
      <item path="dsacpp/include/sorting/HeapSortDemo.h"
            ex="false"
            tool="3"
            flavor2="0">
      </item>
      <item path="dsacpp/include/sorting/ISort.h" ex="false" tool="3" flavor2="0">
      </item>
      <item path="dsacpp/include/sorting/ListSortDemo.h"
            ex="false"
            tool="3"
            flavor2="0">
      </item>
      <item path="dsacpp/include/sorting/QuickSort.h" ex="false" tool="3" flavor2="0">
      </item>
      <item path="dsacpp/include/sorting/QuickSortDemo.h"
            ex="false"
            tool="3"
            flavor2="0">
      </item>
      <item path="dsacpp/include/sorting/SLinkedListSE.h"
            ex="false"
            tool="3"
            flavor2="0">
      </item>
      <item path="dsacpp/include/sorting/ShellSort.h" ex="false" tool="3" flavor2="0">
      </item>
      <item path="dsacpp/include/sorting/ShellSortDemo.h"
            ex="false"
            tool="3"
            flavor2="0">
      </item>
      <item path="dsacpp/include/sorting/StraightInsertionSort.h"
            ex="false"
            tool="3"
            flavor2="0">
      </item>
      <item path="dsacpp/include/sorting/StraightInsertionSortDemo.h"
            ex="false"
            tool="3"
            flavor2="0">
      </item>
      <item path="dsacpp/include/sorting/StraightSelectionSort.h"
            ex="false"
            tool="3"
            flavor2="0">
      </item>
      <item path="dsacpp/include/sorting/StraightSelectionSortDemo.h"
            ex="false"
            tool="3"
            flavor2="0">
      </item>
      <item path="dsacpp/include/sorting/XArrayListSE.h"
            ex="false"
            tool="3"
            flavor2="0">
      </item>
      <item path="dsacpp/include/stacknqueue/IDeck.h" ex="false" tool="3" flavor2="0">
      </item>
      <item path="dsacpp/include/stacknqueue/PriorityQueue.h"
            ex="false"
            tool="3"
            flavor2="0">
      </item>
      <item path="dsacpp/include/stacknqueue/Queue.h" ex="false" tool="3" flavor2="0">
      </item>
      <item path="dsacpp/include/stacknqueue/QueueDemo.h"
            ex="false"
            tool="3"
            flavor2="0">
      </item>
      <item path="dsacpp/include/stacknqueue/Stack.h" ex="false" tool="3" flavor2="0">
      </item>
      <item path="dsacpp/include/stacknqueue/StackDemo.h"
            ex="false"
            tool="3"
            flavor2="0">
      </item>
      <item path="dsacpp/include/test/AVLTest.h" ex="false" tool="3" flavor2="0">
      </item>
      <item path="dsacpp/include/test/BSTTest.h" ex="false" tool="3" flavor2="0">
      </item>
      <item path="dsacpp/include/test/DGraphAlgorithmTest.h"
            ex="false"
            tool="3"
            flavor2="0">
      </item>
      <item path="dsacpp/include/test/DLinkedListSETest.h"
            ex="false"
            tool="3"
            flavor2="0">
      </item>
      <item path="dsacpp/include/test/DLinkedListTest.h"
            ex="false"
            tool="3"
            flavor2="0">
      </item>
      <item path="dsacpp/include/test/GraphTest.h" ex="false" tool="3" flavor2="0">
      </item>
      <item path="dsacpp/include/test/HeapTest.h" ex="false" tool="3" flavor2="0">
      </item>
      <item path="dsacpp/include/test/PriorityQueueTest.h"
            ex="false"
            tool="3"
            flavor2="0">
      </item>
      <item path="dsacpp/include/test/QueueTest.h" ex="false" tool="3" flavor2="0">
      </item>
      <item path="dsacpp/include/test/SLinkedListSETest.h"
            ex="false"
            tool="3"
            flavor2="0">
      </item>
      <item path="dsacpp/include/test/SLinkedListTest.h"
            ex="false"
            tool="3"
            flavor2="0">
      </item>
      <item path="dsacpp/include/test/SortTest.h" ex="false" tool="3" flavor2="0">
      </item>
      <item path="dsacpp/include/test/StackTest.h" ex="false" tool="3" flavor2="0">
      </item>
      <item path="dsacpp/include/test/TopoSorterTest.h"
            ex="false"
            tool="3"
            flavor2="0">
      </item>
      <item path="dsacpp/include/test/UGraphAlgorithmTest.h"
            ex="false"
            tool="3"
            flavor2="0">
      </item>
      <item path="dsacpp/include/test/XArrayListSETest.h"
            ex="false"
            tool="3"
            flavor2="0">
      </item>
      <item path="dsacpp/include/test/XArrayListTest.h"
            ex="false"
            tool="3"
            flavor2="0">
      </item>
      <item path="dsacpp/include/test/XHashMapTest.h" ex="false" tool="3" flavor2="0">
      </item>
      <item path="dsacpp/include/testassignments/AVLGenTest.h"
            ex="false"
            tool="3"
            flavor2="0">
      </item>
      <item path="dsacpp/include/testassignments/AVLTestASSIGN.h"
            ex="false"
            tool="3"
            flavor2="0">
      </item>
      <item path="dsacpp/include/testassignments/DLinkedListTestASSIGN.h"
            ex="false"
            tool="3"
            flavor2="0">
      </item>
      <item path="dsacpp/include/testassignments/GraphTestASSIGN.h"
            ex="false"
            tool="3"
            flavor2="0">
      </item>
      <item path="dsacpp/include/testassignments/HeapGenTest.h"
            ex="false"
            tool="3"
            flavor2="0">
      </item>
      <item path="dsacpp/include/testassignments/HeapTestASSIGN.h"
            ex="false"
            tool="3"
            flavor2="0">
      </item>
      <item path="dsacpp/include/testassignments/QueueTestASSIGN.h"
            ex="false"
            tool="3"
            flavor2="0">
      </item>
      <item path="dsacpp/include/testassignments/SLinkedListTestASSIGN.h"
            ex="false"
            tool="3"
            flavor2="0">
      </item>
      <item path="dsacpp/include/testassignments/SortTestASSIGN.h"
            ex="false"
            tool="3"
            flavor2="0">
      </item>
      <item path="dsacpp/include/testassignments/StackTestASSIGN.h"
            ex="false"
            tool="3"
            flavor2="0">
      </item>
      <item path="dsacpp/include/testassignments/XArrayListTestASSIGN.h"
            ex="false"
            tool="3"
            flavor2="0">
      </item>
      <item path="dsacpp/include/testassignments/XHashMapTestASSIGN.h"
            ex="false"
            tool="3"
            flavor2="0">
      </item>
      <item path="dsacpp/include/testassignments/commons.h"
            ex="false"
            tool="3"
            flavor2="0">
      </item>
      <item path="dsacpp/include/tree/AVL - balance-factor.h"
            ex="false"
            tool="3"
            flavor2="0">
      </item>
      <item path="dsacpp/include/tree/AVL.h" ex="false" tool="3" flavor2="0">
      </item>
      <item path="dsacpp/include/tree/AVLDemo.h" ex="false" tool="3" flavor2="0">
      </item>
      <item path="dsacpp/include/tree/AVLTree.h" ex="false" tool="3" flavor2="0">
      </item>
      <item path="dsacpp/include/tree/BST.h" ex="false" tool="3" flavor2="0">
      </item>
      <item path="dsacpp/include/tree/BSTDemo.h" ex="false" tool="3" flavor2="0">
      </item>
      <item path="dsacpp/include/tree/IBST.h" ex="false" tool="3" flavor2="0">
      </item>
      <item path="dsacpp/include/tree/ITreeWalker.h" ex="false" tool="3" flavor2="0">
      </item>
      <item path="dsacpp/include/util/ArrayLib.h" ex="false" tool="3" flavor2="0">
      </item>
      <item path="dsacpp/include/util/FileIOLib.h" ex="false" tool="3" flavor2="0">
      </item>
      <item path="dsacpp/include/util/FuncLib.h" ex="false" tool="3" flavor2="0">
      </item>
      <item path="dsacpp/include/util/MurmurHash2.h" ex="false" tool="3" flavor2="0">
      </item>
      <item path="dsacpp/include/util/MurmurHash2_64.h"
            ex="false"
            tool="3"
            flavor2="0">
      </item>
      <item path="dsacpp/include/util/Point.h" ex="false" tool="3" flavor2="0">
      </item>
      <item path="dsacpp/include/util/sampleFunc.h" ex="false" tool="3" flavor2="0">
      </item>
      <item path="dsacpp/src/geom/Point3D.cpp" ex="false" tool="1" flavor2="0">
      </item>
      <item path="dsacpp/src/geom/Vector3D.cpp" ex="false" tool="1" flavor2="0">
      </item>
      <item path="dsacpp/src/midterm/list_api_use.h" ex="false" tool="3" flavor2="0">
      </item>
      <item path="dsacpp/src/midterm/list_api_use_demo.h"
            ex="false"
            tool="3"
            flavor2="0">
      </item>
      <item path="dsacpp/src/midterm/schain.h" ex="false" tool="3" flavor2="0">
      </item>
      <item path="dsacpp/src/midterm/schain_demo.h" ex="false" tool="3" flavor2="0">
      </item>
      <item path="dsacpp/src/midterm/setup.sh" ex="false" tool="3" flavor2="0">
      </item>
      <item path="dsacpp/src/midterm/students.txt" ex="false" tool="3" flavor2="0">
      </item>
    </conf>
  </confs>
</configurationDescriptor>
